{
  "metadata_version": "1.0",
  "widget_name": "Bin",
  "widget_version": "0.4.0a3",
  "format": "zip",
  "export_kind": "multi_panel_bundle",
  "include_arrays": true,
  "bin_factors": {
    "scan_row": 2,
    "scan_col": 2,
    "det_row": 2,
    "det_col": 2
  },
  "panels": {
    "original_bf": {
      "view": "original_bf",
      "shape": [
        48,
        40
      ],
      "colormap": "inferno",
      "scale_mode": "linear"
    },
    "original_adf": {
      "view": "original_adf",
      "shape": [
        48,
        40
      ],
      "colormap": "inferno",
      "scale_mode": "linear"
    },
    "binned_bf": {
      "view": "binned_bf",
      "shape": [
        24,
        20
      ],
      "colormap": "inferno",
      "scale_mode": "linear"
    },
    "binned_adf": {
      "view": "binned_adf",
      "shape": [
        24,
        20
      ],
      "colormap": "inferno",
      "scale_mode": "linear"
    },
    "grid": {
      "view": "grid",
      "panels": [
        "original_bf",
        "original_adf",
        "binned_bf",
        "binned_adf"
      ],
      "colormap": "inferno",
      "scale_mode": "linear"
    }
  }
}